ID,Nh?n xét,?ánh giá
1,"V?i t?t c? các nâng c?p m?i, m?i th? ??u trông tuy?t v?i và nhân viên tuy?t v?i",Tích C?c
2,"Các nhân viên ? ?ây làm cho m?t s? khác bi?t. H? ??u thân thi?n, thích nghi và luôn m?m c??i.",Tích C?c
3,"H?n lo?n, m?t tr?t t?",Tiêu C?c
4,"Ngoài ra, nhân viên r?t thô l?. ??ng quên h? s? nh?m l?n ??n ??t hàng c?a b?n g?n nh? m?i l?n và ph?c v? nó cho b?n ?? ?n l?nh.",Tiêu C?c
5,"?ã th??ng xuyên ??n v? trí này trong m?t vài n?m. Th?c ?n luôn nóng, t??i và ???c ph?c v? v?i m?t n? c??i.",Tích C?c
6,M?i th? ?n,Trung Tính
7,T?t,Tích C?c
8,T?t,Tích C?c
9,T?t,Tích C?c
10,T?t,Tích C?c
11,T?t,Tích C?c
12,R?t T?,Tiêu C?c
13,R?t T?,Tiêu C?c
14,R?t T?,Tiêu C?c
15,R?t T?,Tiêu C?c
16,R?t T?,Tiêu C?c
17,M?i th? ?n,Trung Tính
18,R?t T?,Tiêu C?c
19,M?i th? ?n,Trung Tính
,,
,,
,,
,,
,,
,,
,,
,,
,,
,,
,,
,,
,,
,,
,,
,,
,,
,,
,,
,,
,,
,,
,,
,,
,,
,,
,,
,,
,,
,,
,,
,,
,,
,,
,,
,,
,,
,,
,,
,,
,,
,,
,,
,,
,,
,,
,,
,,
,,
,,
,,
,,
,,
,,
,,
,,
,,
,,
,,
,,
,,
,,
,,
,,
,,
,,
,,
,,
,,
,,
,,
,,
,,
,,
,,
,,
,,
,,
,,
,,
,,
,,
,,
,,
,,
,,
,,
,,
,,
,,
,,
,,
,,
,,
,,
,,
,,
,,
,,
,,
,,
,,
,,
,,
,,
,,
,,
,,
,,
,,
,,
,,
,,
,,
,,
,,
,,
,,
,,
,,
,,
,,
,,
,,
,,
,,
,,
,,
,,
,,
,,
,,
,,
,,
,,
,,
,,
,,
,,
,,
,,
,,
,,
,,
,,
,,
,,
,,
,,
,,
,,
,,
,,
,,
,,
,,
,,
,,
,,
,,
,,
,,
,,
,,
,,
,,
,,
,,
,,
,,
,,
,,
,,
,,
,,
,,
,,
,,
,,
,,
,,
,,
,,
,,
,,
,,
,,
,,
,,
,,
,,
,,
,,
,,
,,
,,
,,
,,
,,
,,
,,
,,
